,LogisticRegression,KNeighborsClassifier,DecisionTreeClassifier,RandomForestClassifier,RandomForestClassifier_Fine_tuned
accuracy,0.8423529411764706,0.8870588235294118,0.9176470588235294,0.9670588235294117,0.9576470588235294
precision,0.3333333333333333,0.7857142857142857,0.704225352112676,0.9032258064516129,0.8833333333333333
recall,0.046875,0.34375,0.78125,0.875,0.828125
f1-score,0.08219178082191782,0.4782608695652174,0.7407407407407407,0.8888888888888888,0.8548387096774193
cross_val_accuracy,0.8494117647058823,0.8588235294117647,0.8658823529411764,0.8964705882352941,0.8964705882352941
